{"cameraMode":{"drawMode":0,"name":"Shaded","section":"Shading Mode"},"sceneLighting":true,"audioPlay":false,"sceneViewState":{"showFog":true,"showMaterialUpdate":false,"showSkybox":true,"showFlares":true,"showImageEffects":true,"showParticleSystems":true},"in2DMode":false,"pivot":{"x":28.289087295532228,"y":-0.40259772539138796,"z":-34.759681701660159},"rotation":{"x":0.02326582558453083,"y":0.5487975478172302,"z":-0.015546218492090702,"w":0.835486888885498},"size":40.742794036865237,"orthographic":false}