{"cameraMode":{"drawMode":0,"name":"Shaded","section":"Shading Mode"},"sceneLighting":true,"audioPlay":false,"sceneViewState":{"showFog":true,"showMaterialUpdate":false,"showSkybox":true,"showFlares":true,"showImageEffects":true,"showParticleSystems":true},"in2DMode":false,"pivot":{"x":-4.113468170166016,"y":1.4617934226989747,"z":0.9977438449859619},"rotation":{"x":-0.07032177597284317,"y":0.6389092206954956,"z":-0.058823298662900928,"w":-0.7637995481491089},"size":23.922382354736329,"orthographic":false}