{"cameraMode":{"drawMode":0,"name":"Shaded","section":"Shading Mode"},"sceneLighting":false,"audioPlay":false,"sceneViewState":{"showFog":true,"showMaterialUpdate":false,"showSkybox":false,"showFlares":true,"showImageEffects":true,"showParticleSystems":true},"in2DMode":false,"pivot":{"x":-0.03436353802680969,"y":0.19218111038208009,"z":0.2521962523460388},"rotation":{"x":-0.17702387273311616,"y":0.5946108102798462,"z":-0.13628527522087098,"w":-0.7723515629768372},"size":1.5707881450653077,"orthographic":false}